# Plugin, #cores,        Overhead,                          Unit, #tasks, #samples,         max, 99.9th perc.,  99th perc., 95th perc.,        avg,        med,        min,        std,            var,                                                                                       file
    P-FP,      *,             CXS,                        cycles,      *,   930132, 52819.00000,  28240.00000,  5306.00000, 3645.00000, 2557.17798, 2270.00000,  791.00000, 2346.55542,  5506316.00000,             combined-overheads_host=ls12pc41_scheduler=P-FP_trace=DFLP-2_overhead=CXS.sf32
    P-FP,      *, RELEASE-LATENCY, microseconds (scale = 1/1000),      *,    30008,    52.44200,     46.97410,    42.53358,   41.05730,   36.88654,   37.07200,   27.05400,    2.53862,        6.44440, combined-overheads_host=ls12pc41_scheduler=P-FP_trace=DFLP-2_overhead=RELEASE-LATENCY.sf32
    P-FP,      *,         RELEASE,                        cycles,      *,    30922, 33218.00000,   8471.55300,  8149.58000, 7956.00000, 6582.50781, 7123.00000, 1644.00000, 1406.24048,  1977448.12500,         combined-overheads_host=ls12pc41_scheduler=P-FP_trace=DFLP-2_overhead=RELEASE.sf32
    P-FP,      *,          SCHED2,                        cycles,      *,   930132, 49472.00000,   1054.00000,   660.00000,  617.00000,  297.84695,  235.00000,  170.00000,  592.65912,   351244.43750,          combined-overheads_host=ls12pc41_scheduler=P-FP_trace=DFLP-2_overhead=SCHED2.sf32
    P-FP,      *,           SCHED,                        cycles,      *,   930131, 53095.00000,  29685.00000,  5365.00000, 4760.00000, 2044.72961, 1196.00000,  470.00000, 2837.46948,  8051224.50000,           combined-overheads_host=ls12pc41_scheduler=P-FP_trace=DFLP-2_overhead=SCHED.sf32
    P-FP,      *,    SEND-RESCHED,                        cycles,      *,    38199, 89243.00000,  46722.88200, 40413.36000, 3344.00000, 3583.38501, 2514.00000, 1910.00000, 5954.42285, 35454224.00000,    combined-overheads_host=ls12pc41_scheduler=P-FP_trace=DFLP-2_overhead=SEND-RESCHED.sf32
