# Plugin, #cores,        Overhead,                          Unit, #tasks, #samples,         max, 99.9th perc.,  99th perc.,  95th perc.,         avg,         med,        min,         std,             var,                                                                                       file
    P-FP,      *,             CXS,                        cycles,      *,   930703, 52582.00000,  28383.00000,  5618.00000,  3632.00000,  2575.31665,  2266.00000,  732.00000,  2431.83887,   5913834.00000,             combined-overheads_host=ls12pc41_scheduler=P-FP_trace=DPCP-2_overhead=CXS.sf32
    P-FP,      *, RELEASE-LATENCY, microseconds (scale = 1/1000),      *,    30008,    60.21100,     47.03734,    42.65593,    41.05700,    36.92255,    37.17300,    1.37300,     2.57929,         6.65254, combined-overheads_host=ls12pc41_scheduler=P-FP_trace=DPCP-2_overhead=RELEASE-LATENCY.sf32
    P-FP,      *,         RELEASE,                        cycles,      *,    30852, 55465.00000,   9295.54200,  8845.98000,  8551.00000,  6776.11182,  7434.00000, 1518.00000,  1617.89661,   2617504.50000,         combined-overheads_host=ls12pc41_scheduler=P-FP_trace=DPCP-2_overhead=RELEASE.sf32
    P-FP,      *,          SCHED2,                        cycles,      *,   930705, 48792.00000,   1139.00000,   640.00000,   617.00000,   305.53546,   235.00000,  170.00000,   723.70911,    523754.31250,          combined-overheads_host=ls12pc41_scheduler=P-FP_trace=DPCP-2_overhead=SCHED2.sf32
    P-FP,      *,           SCHED,                        cycles,      *,   930705, 53437.00000,  29672.00000,  5304.00000,  4726.00000,  2039.49573,  1190.00000,  432.00000,  2856.43677,   8159221.50000,           combined-overheads_host=ls12pc41_scheduler=P-FP_trace=DPCP-2_overhead=SCHED.sf32
    P-FP,      *,    SEND-RESCHED,                        cycles,      *,    87945, 79914.00000,  53914.18400, 47742.00000, 45638.00000, 24506.39062, 37041.00000, 1354.00000, 18596.66992, 345832192.00000,    combined-overheads_host=ls12pc41_scheduler=P-FP_trace=DPCP-2_overhead=SEND-RESCHED.sf32
