# Plugin, #cores,        Overhead,                          Unit, #tasks, #samples,         max, 99.9th perc.,  99th perc.,  95th perc.,        avg,        med,        min,        std,            var,                                                                                       file
    P-FP,      *,             CXS,                        cycles,      *,   776222, 52931.00000,   3055.00000,  2682.58000,  1754.00000, 1111.64441, 1020.00000,  590.00000,  712.32922,   507412.28125,             combined-overheads_host=ls12pc41_scheduler=P-FP_trace=FMLP-2_overhead=CXS.sf32
    P-FP,      *, RELEASE-LATENCY, microseconds (scale = 1/1000),      *,    30008,    53.58300,     46.94293,    42.38372,    41.04100,   36.94128,   37.17600,    1.07000,    2.54199,        6.46151, combined-overheads_host=ls12pc41_scheduler=P-FP_trace=FMLP-2_overhead=RELEASE-LATENCY.sf32
    P-FP,      *,         RELEASE,                        cycles,      *,    30759, 30669.00000,   8748.48400,  8408.00000,  8121.00000, 6715.68994, 7400.00000,  816.00000, 1376.94775,  1895923.37500,         combined-overheads_host=ls12pc41_scheduler=P-FP_trace=FMLP-2_overhead=RELEASE.sf32
    P-FP,      *,          SCHED2,                        cycles,      *,   776228, 50166.00000,    888.00000,   617.00000,   438.00000,  251.33452,  228.00000,  172.00000,  446.47858,   199342.85938,          combined-overheads_host=ls12pc41_scheduler=P-FP_trace=FMLP-2_overhead=SCHED2.sf32
    P-FP,      *,           SCHED,                        cycles,      *,   776226, 52738.00000,   4556.00000,  3226.00000,  2694.00000, 1321.81250, 1122.00000,  382.00000,  800.81281,   641300.37500,           combined-overheads_host=ls12pc41_scheduler=P-FP_trace=FMLP-2_overhead=SCHED.sf32
    P-FP,      *,    SEND-RESCHED,                        cycles,      *,    90144, 70048.00000,  46666.14200, 40085.57000, 37670.70000, 4793.49658, 2638.00000, 1276.00000, 8425.36523, 70985984.00000,    combined-overheads_host=ls12pc41_scheduler=P-FP_trace=FMLP-2_overhead=SEND-RESCHED.sf32
