# Plugin, #cores,        Overhead,                          Unit, #tasks, #samples,         max, 99.9th perc.,  99th perc.,  95th perc.,        avg,        med,        min,        std,            var,                                                                                     file
    P-FP,      *,             CXS,                        cycles,      *,   738518, 52869.00000,   3089.00000,  2669.00000,  1790.00000, 1134.16785, 1044.00000,  610.00000,  708.05322,   501338.65625,             combined-overheads_host=ls12pc41_scheduler=P-FP_trace=MPCP_overhead=CXS.sf32
    P-FP,      *, RELEASE-LATENCY, microseconds (scale = 1/1000),      *,    30008,    50.75400,     47.12957,    42.45544,    41.06630,   36.92205,   37.17200,    2.47400,    2.55630,        6.53446, combined-overheads_host=ls12pc41_scheduler=P-FP_trace=MPCP_overhead=RELEASE-LATENCY.sf32
    P-FP,      *,         RELEASE,                        cycles,      *,    32911, 33123.00000,   9198.53000,  8527.00000,  8228.00000, 6644.64502, 7395.00000, 1023.00000, 1590.57056,  2529838.00000,         combined-overheads_host=ls12pc41_scheduler=P-FP_trace=MPCP_overhead=RELEASE.sf32
    P-FP,      *,          SCHED2,                        cycles,      *,   738530, 50620.00000,    901.47100,   568.00000,   436.00000,  251.39934,  230.00000,  170.00000,  450.77017,   203193.45312,          combined-overheads_host=ls12pc41_scheduler=P-FP_trace=MPCP_overhead=SCHED2.sf32
    P-FP,      *,           SCHED,                        cycles,      *,   738528, 53354.00000,   4550.00000,  3104.00000,  2703.00000, 1325.36230, 1118.00000,  386.00000,  833.73962,   695120.81250,           combined-overheads_host=ls12pc41_scheduler=P-FP_trace=MPCP_overhead=SCHED.sf32
    P-FP,      *,    SEND-RESCHED,                        cycles,      *,    80195, 54108.00000,  46834.67200, 40677.12000, 38007.00000, 5858.92871, 2850.00000, 1294.00000, 9983.53809, 99669792.00000,    combined-overheads_host=ls12pc41_scheduler=P-FP_trace=MPCP_overhead=SEND-RESCHED.sf32
