# Plugin, #cores,        Overhead,                          Unit, #tasks, #samples,         max, 99.9th perc.,  99th perc.,  95th perc.,        avg,        med,        min,         std,             var,                                                                                       file
    P-FP,      *,             CXS,                        cycles,      *,   831078, 53057.00000,   3366.00000,  2861.00000,  2009.00000, 1215.06616, 1114.00000,  610.00000,   771.24902,    594824.37500,             combined-overheads_host=ls12pc41_scheduler=P-FP_trace=PDGA-2_overhead=CXS.sf32
    P-FP,      *, RELEASE-LATENCY, microseconds (scale = 1/1000),      *,    30008,    58.36600,     46.46353,    42.45993,    41.05400,   36.93834,   37.20550,   29.82600,     2.51952,         6.34776, combined-overheads_host=ls12pc41_scheduler=P-FP_trace=PDGA-2_overhead=RELEASE-LATENCY.sf32
    P-FP,      *,         RELEASE,                        cycles,      *,    31147, 33616.00000,   9027.00000,  8644.62000,  8391.00000, 6850.46338, 7570.00000,  918.00000,  1503.65784,   2260914.50000,         combined-overheads_host=ls12pc41_scheduler=P-FP_trace=PDGA-2_overhead=RELEASE.sf32
    P-FP,      *,          SCHED2,                        cycles,      *,   831085, 50841.00000,    926.91600,   585.00000,   444.00000,  265.02686,  242.00000,  170.00000,   526.09387,    276774.46875,          combined-overheads_host=ls12pc41_scheduler=P-FP_trace=PDGA-2_overhead=SCHED2.sf32
    P-FP,      *,           SCHED,                        cycles,      *,   831085, 53381.00000,   6110.83200,  3550.00000,  2825.00000, 1412.31738, 1166.00000,  474.00000,   950.45673,    903366.87500,           combined-overheads_host=ls12pc41_scheduler=P-FP_trace=PDGA-2_overhead=SCHED.sf32
    P-FP,      *,    SEND-RESCHED,                        cycles,      *,    86728, 76892.00000,  48663.73600, 45646.57000, 39329.00000, 7360.55859, 3148.00000, 1398.00000, 11722.78418, 137422096.00000,    combined-overheads_host=ls12pc41_scheduler=P-FP_trace=PDGA-2_overhead=SEND-RESCHED.sf32
