# Plugin, #cores,        Overhead,                          Unit, #tasks, #samples,         max, 99.9th perc.,  99th perc.,  95th perc.,         avg,        med,        min,         std,             var,                                                                                       file
    P-FP,      *,             CXS,                        cycles,      *,   977315, 52608.00000,  28894.23200,  4934.00000,  3771.00000,  2618.67236, 2513.00000,  714.00000,  1464.02808,   2143376.00000,             combined-overheads_host=ls12pc41_scheduler=P-FP_trace=SDGA-2_overhead=CXS.sf32
    P-FP,      *, RELEASE-LATENCY, microseconds (scale = 1/1000),      *,    30008,    52.85500,     47.19954,    42.39095,    40.99100,    36.88414,   37.11050,    2.38800,     2.52304,         6.36550, combined-overheads_host=ls12pc41_scheduler=P-FP_trace=SDGA-2_overhead=RELEASE-LATENCY.sf32
    P-FP,      *,         RELEASE,                        cycles,      *,    30804, 36784.00000,   9600.98500,  9163.00000,  8920.00000,  7305.65527, 7881.00000, 1037.00000,  1613.84729,   2604418.75000,         combined-overheads_host=ls12pc41_scheduler=P-FP_trace=SDGA-2_overhead=RELEASE.sf32
    P-FP,      *,          SCHED2,                        cycles,      *,   977485, 50556.00000,   1085.00000,   692.00000,   624.00000,   334.19592,  252.00000,  172.00000,   526.13806,    276820.96875,          combined-overheads_host=ls12pc41_scheduler=P-FP_trace=SDGA-2_overhead=SCHED2.sf32
    P-FP,      *,           SCHED,                        cycles,      *,   977460, 53146.00000,  23052.24600,  4782.00000,  4301.00000,  1891.86816, 1445.00000,  408.00000,  1465.77588,   2148496.75000,           combined-overheads_host=ls12pc41_scheduler=P-FP_trace=SDGA-2_overhead=SCHED.sf32
    P-FP,      *,    SEND-RESCHED,                        cycles,      *,    48786, 70593.00000,  49662.58000, 46709.15000, 44673.50000, 12315.69336, 2612.00000, 1368.00000, 16890.57422, 285285696.00000,    combined-overheads_host=ls12pc41_scheduler=P-FP_trace=SDGA-2_overhead=SEND-RESCHED.sf32
